{"cameraMode":{"drawMode":0,"name":"Shaded","section":"Shading Mode"},"sceneLighting":true,"audioPlay":false,"sceneViewState":{"m_AlwaysRefresh":false,"showFog":true,"showSkybox":true,"showFlares":true,"showImageEffects":true,"showParticleSystems":true,"showVisualEffectGraphs":true,"m_FxEnabled":true},"in2DMode":false,"pivot":{"x":-13.217571258544922,"y":-0.34625962376594546,"z":-1.0969812870025635},"rotation":{"x":-0.08594809472560883,"y":0.6837767362594605,"z":-0.08162318170070648,"w":-0.7200031280517578},"size":12.512083053588868,"orthographic":false}