{"cameraMode":{"drawMode":0,"name":"Shaded","section":"Shading Mode"},"sceneLighting":true,"audioPlay":false,"sceneViewState":{"m_AlwaysRefresh":false,"showFog":true,"showSkybox":true,"showFlares":true,"showImageEffects":true,"showParticleSystems":true,"showVisualEffectGraphs":true,"m_FxEnabled":true},"in2DMode":false,"pivot":{"x":4.411101341247559,"y":-2.858959197998047,"z":-1.0420265197753907},"rotation":{"x":-0.18390366435050965,"y":-0.10329769551753998,"z":0.019436359405517579,"w":-0.9773074388504028},"size":14.692536354064942,"orthographic":false}